[{"model": "auth.permission", "pk": 1, "fields": {"name": "Can add log entry", "content_type": 1, "codename": "add_logentry"}}, {"model": "auth.permission", "pk": 2, "fields": {"name": "Can change log entry", "content_type": 1, "codename": "change_logentry"}}, {"model": "auth.permission", "pk": 3, "fields": {"name": "Can delete log entry", "content_type": 1, "codename": "delete_logentry"}}, {"model": "auth.permission", "pk": 4, "fields": {"name": "Can view log entry", "content_type": 1, "codename": "view_logentry"}}, {"model": "auth.permission", "pk": 5, "fields": {"name": "Can add permission", "content_type": 2, "codename": "add_permission"}}, {"model": "auth.permission", "pk": 6, "fields": {"name": "Can change permission", "content_type": 2, "codename": "change_permission"}}, {"model": "auth.permission", "pk": 7, "fields": {"name": "Can delete permission", "content_type": 2, "codename": "delete_permission"}}, {"model": "auth.permission", "pk": 8, "fields": {"name": "Can view permission", "content_type": 2, "codename": "view_permission"}}, {"model": "auth.permission", "pk": 9, "fields": {"name": "Can add group", "content_type": 3, "codename": "add_group"}}, {"model": "auth.permission", "pk": 10, "fields": {"name": "Can change group", "content_type": 3, "codename": "change_group"}}, {"model": "auth.permission", "pk": 11, "fields": {"name": "Can delete group", "content_type": 3, "codename": "delete_group"}}, {"model": "auth.permission", "pk": 12, "fields": {"name": "Can view group", "content_type": 3, "codename": "view_group"}}, {"model": "auth.permission", "pk": 13, "fields": {"name": "Can add content type", "content_type": 4, "codename": "add_contenttype"}}, {"model": "auth.permission", "pk": 14, "fields": {"name": "Can change content type", "content_type": 4, "codename": "change_contenttype"}}, {"model": "auth.permission", "pk": 15, "fields": {"name": "Can delete content type", "content_type": 4, "codename": "delete_contenttype"}}, {"model": "auth.permission", "pk": 16, "fields": {"name": "Can view content type", "content_type": 4, "codename": "view_contenttype"}}, {"model": "auth.permission", "pk": 17, "fields": {"name": "Can add session", "content_type": 5, "codename": "add_session"}}, {"model": "auth.permission", "pk": 18, "fields": {"name": "Can change session", "content_type": 5, "codename": "change_session"}}, {"model": "auth.permission", "pk": 19, "fields": {"name": "Can delete session", "content_type": 5, "codename": "delete_session"}}, {"model": "auth.permission", "pk": 20, "fields": {"name": "Can view session", "content_type": 5, "codename": "view_session"}}, {"model": "auth.permission", "pk": 21, "fields": {"name": "Can add certificate", "content_type": 6, "codename": "add_certificate"}}, {"model": "auth.permission", "pk": 22, "fields": {"name": "Can change certificate", "content_type": 6, "codename": "change_certificate"}}, {"model": "auth.permission", "pk": 23, "fields": {"name": "Can delete certificate", "content_type": 6, "codename": "delete_certificate"}}, {"model": "auth.permission", "pk": 24, "fields": {"name": "Can view certificate", "content_type": 6, "codename": "view_certificate"}}, {"model": "auth.permission", "pk": 25, "fields": {"name": "Can add employee_tech_skills", "content_type": 7, "codename": "add_employee_tech_skills"}}, {"model": "auth.permission", "pk": 26, "fields": {"name": "Can change employee_tech_skills", "content_type": 7, "codename": "change_employee_tech_skills"}}, {"model": "auth.permission", "pk": 27, "fields": {"name": "Can delete employee_tech_skills", "content_type": 7, "codename": "delete_employee_tech_skills"}}, {"model": "auth.permission", "pk": 28, "fields": {"name": "Can view employee_tech_skills", "content_type": 7, "codename": "view_employee_tech_skills"}}, {"model": "auth.permission", "pk": 29, "fields": {"name": "Can add employees", "content_type": 8, "codename": "add_employees"}}, {"model": "auth.permission", "pk": 30, "fields": {"name": "Can change employees", "content_type": 8, "codename": "change_employees"}}, {"model": "auth.permission", "pk": 31, "fields": {"name": "Can delete employees", "content_type": 8, "codename": "delete_employees"}}, {"model": "auth.permission", "pk": 32, "fields": {"name": "Can view employees", "content_type": 8, "codename": "view_employees"}}, {"model": "auth.permission", "pk": 33, "fields": {"name": "Can add techs", "content_type": 9, "codename": "add_techs"}}, {"model": "auth.permission", "pk": 34, "fields": {"name": "Can change techs", "content_type": 9, "codename": "change_techs"}}, {"model": "auth.permission", "pk": 35, "fields": {"name": "Can delete techs", "content_type": 9, "codename": "delete_techs"}}, {"model": "auth.permission", "pk": 36, "fields": {"name": "Can view techs", "content_type": 9, "codename": "view_techs"}}, {"model": "auth.permission", "pk": 37, "fields": {"name": "Can add employee_certificates", "content_type": 10, "codename": "add_employee_certificates"}}, {"model": "auth.permission", "pk": 38, "fields": {"name": "Can change employee_certificates", "content_type": 10, "codename": "change_employee_certificates"}}, {"model": "auth.permission", "pk": 39, "fields": {"name": "Can delete employee_certificates", "content_type": 10, "codename": "delete_employee_certificates"}}, {"model": "auth.permission", "pk": 40, "fields": {"name": "Can view employee_certificates", "content_type": 10, "codename": "view_employee_certificates"}}, {"model": "auth.permission", "pk": 41, "fields": {"name": "Can add employee_projects", "content_type": 11, "codename": "add_employee_projects"}}, {"model": "auth.permission", "pk": 42, "fields": {"name": "Can change employee_projects", "content_type": 11, "codename": "change_employee_projects"}}, {"model": "auth.permission", "pk": 43, "fields": {"name": "Can delete employee_projects", "content_type": 11, "codename": "delete_employee_projects"}}, {"model": "auth.permission", "pk": 44, "fields": {"name": "Can view employee_projects", "content_type": 11, "codename": "view_employee_projects"}}, {"model": "auth.permission", "pk": 45, "fields": {"name": "Can add project", "content_type": 12, "codename": "add_project"}}, {"model": "auth.permission", "pk": 46, "fields": {"name": "Can change project", "content_type": 12, "codename": "change_project"}}, {"model": "auth.permission", "pk": 47, "fields": {"name": "Can delete project", "content_type": 12, "codename": "delete_project"}}, {"model": "auth.permission", "pk": 48, "fields": {"name": "Can view project", "content_type": 12, "codename": "view_project"}}, {"model": "auth.permission", "pk": 49, "fields": {"name": "Can add token", "content_type": 13, "codename": "add_token"}}, {"model": "auth.permission", "pk": 50, "fields": {"name": "Can change token", "content_type": 13, "codename": "change_token"}}, {"model": "auth.permission", "pk": 51, "fields": {"name": "Can delete token", "content_type": 13, "codename": "delete_token"}}, {"model": "auth.permission", "pk": 52, "fields": {"name": "Can view token", "content_type": 13, "codename": "view_token"}}, {"model": "contenttypes.contenttype", "pk": 1, "fields": {"app_label": "admin", "model": "logentry"}}, {"model": "contenttypes.contenttype", "pk": 2, "fields": {"app_label": "auth", "model": "permission"}}, {"model": "contenttypes.contenttype", "pk": 3, "fields": {"app_label": "auth", "model": "group"}}, {"model": "contenttypes.contenttype", "pk": 4, "fields": {"app_label": "contenttypes", "model": "contenttype"}}, {"model": "contenttypes.contenttype", "pk": 5, "fields": {"app_label": "sessions", "model": "session"}}, {"model": "contenttypes.contenttype", "pk": 6, "fields": {"app_label": "restapi", "model": "certificate"}}, {"model": "contenttypes.contenttype", "pk": 7, "fields": {"app_label": "restapi", "model": "employee_tech_skills"}}, {"model": "contenttypes.contenttype", "pk": 8, "fields": {"app_label": "restapi", "model": "employees"}}, {"model": "contenttypes.contenttype", "pk": 9, "fields": {"app_label": "restapi", "model": "techs"}}, {"model": "contenttypes.contenttype", "pk": 10, "fields": {"app_label": "restapi", "model": "employee_certificates"}}, {"model": "contenttypes.contenttype", "pk": 11, "fields": {"app_label": "restapi", "model": "employee_projects"}}, {"model": "contenttypes.contenttype", "pk": 12, "fields": {"app_label": "restapi", "model": "project"}}, {"model": "contenttypes.contenttype", "pk": 13, "fields": {"app_label": "restapi", "model": "token"}}, {"model": "restapi.employees", "pk": 1, "fields": {"last_login": null, "first_name": "Bruce", "last_name": "Banner", "email": "hulk@gmail.com", "phone_number": "+358501234567", "location_country": "Finland", "location_city": "Helsinki", "worktime_allocation": 100, "allocation_until": "2029-12-31", "wants_to_do": "I like participating in projects concerning various sectors, so hope to continue having an opportunity for that kind of variety.(long text)", "wants_not_to_do": "I prefer projects that last less than a year. However, if the project is international, I would like to participate in it regardless of the expected duration. (long text)"}}, {"model": "restapi.employees", "pk": 2, "fields": {"last_login": null, "first_name": "Janet", "last_name": "Pym", "email": "was@gmail.com", "phone_number": "+358502345678", "location_country": "Finland", "location_city": "Helsinki", "worktime_allocation": 100, "allocation_until": "2029-12-31", "wants_to_do": "Manufacturing sector", "wants_not_to_do": "Java"}}, {"model": "restapi.employees", "pk": 3, "fields": {"last_login": null, "first_name": "Frank", "last_name": "Castle", "email": "punisher@gmail.com", "phone_number": "+358503456789", "location_country": "Finland", "location_city": "Tampere", "worktime_allocation": 80, "allocation_until": "2024-12-31", "wants_to_do": "Early morning work.", "wants_not_to_do": "Banking sector"}}, {"model": "restapi.employees", "pk": 4, "fields": {"last_login": null, "first_name": "Gwen", "last_name": "Stacy", "email": "spidergwen@gmail.com", "phone_number": "+358504567901", "location_country": "Finland", "location_city": "Tampere", "worktime_allocation": 80, "allocation_until": "2027-12-31", "wants_to_do": "Banking sector", "wants_not_to_do": "Food industry"}}, {"model": "restapi.employees", "pk": 5, "fields": {"last_login": null, "first_name": "Wanda", "last_name": "Maximoff", "email": "scarlet@gmail.com", "phone_number": "+45506244567", "location_country": "Denmark", "location_city": "Copenhagen", "worktime_allocation": 100, "allocation_until": "2023-12-31", "wants_to_do": "I love transportation sector and especially railways! I prefer Python to Java, but both of those are okey for me.", "wants_not_to_do": "Docker and tests"}}, {"model": "restapi.employees", "pk": 6, "fields": {"last_login": null, "first_name": "Majda", "last_name": "Olsen", "email": "mao@gmail.com", "phone_number": "+455043234567", "location_country": "Denmark", "location_city": "Copenhagen", "worktime_allocation": 60, "allocation_until": "2023-12-31", "wants_to_do": "Java, Python, C++", "wants_not_to_do": "Transportation sector"}}, {"model": "restapi.employees", "pk": 7, "fields": {"last_login": null, "first_name": "Anna", "last_name": "Kuusonen", "email": "ank@gmail.com", "phone_number": "+45501234567", "location_country": "Denmark", "location_city": "Aarhus", "worktime_allocation": 100, "allocation_until": "2028-12-31", "wants_to_do": "International projects.", "wants_not_to_do": "Frontend"}}, {"model": "restapi.employees", "pk": 8, "fields": {"last_login": null, "first_name": "Tristan", "last_name": "Bale", "email": "trba@gmail.com", "phone_number": "+45512334567", "location_country": "Denmark", "location_city": "Aarhus", "worktime_allocation": 100, "allocation_until": "2028-12-31", "wants_to_do": "International projects.", "wants_not_to_do": "Backend"}}, {"model": "restapi.employees", "pk": 9, "fields": {"last_login": null, "first_name": "Kristian", "last_name": "Coté", "email": "krco@gmail.com", "phone_number": "+49501534567", "location_country": "Germany", "location_city": "Munich", "worktime_allocation": 0, "allocation_until": "2029-12-31", "wants_to_do": "Finnish projects.", "wants_not_to_do": "Fullstack."}}, {"model": "restapi.employees", "pk": 10, "fields": {"last_login": null, "first_name": "Heidi", "last_name": "Mali", "email": "heima@gmail.com", "phone_number": "+49501228567", "location_country": "Germany", "location_city": "Munich", "worktime_allocation": 100, "allocation_until": "2029-12-31", "wants_to_do": "Django!", "wants_not_to_do": "Everything goes!"}}, {"model": "restapi.employees", "pk": 11, "fields": {"last_login": null, "first_name": "Otto", "last_name": "Keimo", "email": "ottok@gmail.com", "phone_number": "+49501334567", "location_country": "Germany", "location_city": "Berlin", "worktime_allocation": 100, "allocation_until": "2024-12-31", "wants_to_do": "React", "wants_not_to_do": "Frontend"}}, {"model": "restapi.employees", "pk": 12, "fields": {"last_login": null, "first_name": "Hank", "last_name": "Stanizi", "email": "hankst@gmail.com", "phone_number": "+49503534567", "location_country": "Germany", "location_city": "Berlin", "worktime_allocation": 20, "allocation_until": "2024-12-31", "wants_to_do": "react...", "wants_not_to_do": "CSS"}}, {"model": "restapi.employees", "pk": 13, "fields": {"last_login": null, "first_name": "Hillary", "last_name": "Maine", "email": "hillma@gmail.com", "phone_number": "+47504434567", "location_country": "Norway", "location_city": "Oslo", "worktime_allocation": 100, "allocation_until": "2023-12-31", "wants_to_do": "I enjoy CSS", "wants_not_to_do": "Client facing work."}}, {"model": "restapi.employees", "pk": 14, "fields": {"last_login": null, "first_name": "Jelena", "last_name": "Hilton", "email": "jelenh@gmail.com", "phone_number": "+47501424567", "location_country": "Norway", "location_city": "Oslo", "worktime_allocation": 100, "allocation_until": "2030-12-31", "wants_to_do": "Java is fun", "wants_not_to_do": "Project management"}}, {"model": "restapi.employees", "pk": 15, "fields": {"last_login": null, "first_name": "Clement", "last_name": "Wright", "email": "clemw@gmail.com", "phone_number": "+46501234567", "location_country": "Sweden", "location_city": "Malmö K", "worktime_allocation": 100, "allocation_until": "2025-12-31", "wants_to_do": "Everything!", "wants_not_to_do": "-"}}, {"model": "restapi.employees", "pk": 16, "fields": {"last_login": null, "first_name": "Philip", "last_name": "Rasmussen", "email": "philr@gmail.com", "phone_number": "+46503434567", "location_country": "Sweden", "location_city": "Malmö S", "worktime_allocation": 100, "allocation_until": "2024-12-31", "wants_to_do": "Long-lasting and complex projects", "wants_not_to_do": "Short projects"}}, {"model": "restapi.employees", "pk": 17, "fields": {"last_login": null, "first_name": "Erik", "last_name": "Midson", "email": "erikm@gmail.com", "phone_number": "+46501233567", "location_country": "Sweden", "location_city": "Stockholm", "worktime_allocation": 100, "allocation_until": "2029-12-31", "wants_to_do": "No preferences.", "wants_not_to_do": "I like everything."}}, {"model": "restapi.employees", "pk": 18, "fields": {"last_login": null, "first_name": "Sarah", "last_name": "Hero", "email": "hero@gmail.com", "phone_number": "+46501234447", "location_country": "Sweden", "location_city": "Stockholm", "worktime_allocation": 100, "allocation_until": "2030-12-31", "wants_to_do": "Java", "wants_not_to_do": "Django"}}, {"model": "restapi.employees", "pk": 19, "fields": {"last_login": null, "first_name": "Hannah", "last_name": "Poutanov", "email": "hanpou@gmail.com", "phone_number": "+46501884567", "location_country": "Sweden", "location_city": "Gothenburg", "worktime_allocation": 100, "allocation_until": "2100-12-31", "wants_to_do": "Frontend", "wants_not_to_do": "Backend"}}, {"model": "restapi.employees", "pk": 20, "fields": {"last_login": null, "first_name": "Jonna", "last_name": "Kreuze", "email": "jonkr@gmail.com", "phone_number": "+46501234544", "location_country": "Sweden", "location_city": "Gothenburg", "worktime_allocation": 100, "allocation_until": "2100-12-31", "wants_to_do": "Fullstack", "wants_not_to_do": "C++"}}, {"model": "restapi.employees", "pk": 21, "fields": {"last_login": null, "first_name": "Max", "last_name": "Saxón", "email": "maxx@gmail.com", "phone_number": "+46501237654", "location_country": "Sweden", "location_city": "Sundsvall", "worktime_allocation": 100, "allocation_until": "2028-12-31", "wants_to_do": "Projects that involve traveling.", "wants_not_to_do": "Work on weekends"}}, {"model": "restapi.employees", "pk": 22, "fields": {"last_login": null, "first_name": "Stan", "last_name": "Hammer", "email": "stanha@gmail.com", "phone_number": "+46501238167", "location_country": "Sweden", "location_city": "Sundsvall", "worktime_allocation": 100, "allocation_until": "2023-12-31", "wants_to_do": "Different projects than before", "wants_not_to_do": "Same kind of projects as before"}}, {"model": "restapi.employees", "pk": 23, "fields": {"last_login": null, "first_name": "Ben", "last_name": "Caiman", "email": "benc@gmail.com", "phone_number": "+31501234427", "location_country": "The Netherlands", "location_city": "Amsterdam", "worktime_allocation": 100, "allocation_until": "2023-12-31", "wants_to_do": "Same kinds of projects as before", "wants_not_to_do": "International projects"}}, {"model": "restapi.employees", "pk": 24, "fields": {"last_login": null, "first_name": "Tarja", "last_name": "Hakkonen", "email": "tarha@gmail.com", "phone_number": "+31501234567", "location_country": "The Netherlands", "location_city": "Amsterdam", "worktime_allocation": 100, "allocation_until": "2024-12-31", "wants_to_do": "Work with Dutch clients", "wants_not_to_do": "Java"}}, {"model": "restapi.employees", "pk": 25, "fields": {"last_login": null, "first_name": "Esa", "last_name": "Wilberg", "email": "esawi@gmail.com", "phone_number": "+41432244567", "location_country": "Switzerland", "location_city": "Zurich", "worktime_allocation": 100, "allocation_until": "2034-12-31", "wants_to_do": "", "wants_not_to_do": ""}}, {"model": "restapi.employees", "pk": 26, "fields": {"last_login": null, "first_name": "Mike", "last_name": "Nilon", "email": "miken@gmail.com", "phone_number": "+41431232467", "location_country": "Switzerland", "location_city": "Zurich", "worktime_allocation": 100, "allocation_until": "2027-12-31", "wants_to_do": "Python", "wants_not_to_do": "Java"}}, {"model": "restapi.employees", "pk": 27, "fields": {"last_login": null, "first_name": "Carl", "last_name": "Wilson", "email": "carlow@gmail.com", "phone_number": "+44501254567", "location_country": "The United Kingdom", "location_city": "London", "worktime_allocation": 100, "allocation_until": "2023-12-31", "wants_to_do": "Javascript and Java", "wants_not_to_do": "Python"}}, {"model": "restapi.employees", "pk": 28, "fields": {"last_login": null, "first_name": "Stacy", "last_name": "Owen", "email": "staco@gmail.com", "phone_number": "+44501234567", "location_country": "The United Kingdom", "location_city": "London", "worktime_allocation": 100, "allocation_until": "2023-12-31", "wants_to_do": "", "wants_not_to_do": ""}}, {"model": "restapi.techs", "pk": 1, "fields": {"tech_name": "Python"}}, {"model": "restapi.techs", "pk": 2, "fields": {"tech_name": "Java"}}, {"model": "restapi.techs", "pk": 3, "fields": {"tech_name": "JavaScript"}}, {"model": "restapi.techs", "pk": 4, "fields": {"tech_name": "C++"}}, {"model": "restapi.techs", "pk": 5, "fields": {"tech_name": "TypeScript"}}, {"model": "restapi.techs", "pk": 6, "fields": {"tech_name": "CSS"}}, {"model": "restapi.techs", "pk": 7, "fields": {"tech_name": "Fortran"}}, {"model": "restapi.techs", "pk": 8, "fields": {"tech_name": "Cobol"}}, {"model": "restapi.techs", "pk": 9, "fields": {"tech_name": "Haskell"}}, {"model": "restapi.techs", "pk": 10, "fields": {"tech_name": "PostgreSQL"}}, {"model": "restapi.techs", "pk": 11, "fields": {"tech_name": "MySQL"}}, {"model": "restapi.techs", "pk": 12, "fields": {"tech_name": "Django"}}, {"model": "restapi.techs", "pk": 13, "fields": {"tech_name": "React"}}, {"model": "restapi.techs", "pk": 14, "fields": {"tech_name": "Docker"}}, {"model": "restapi.certificate", "pk": 1, "fields": {"vendor": "AWS", "certificate_name": "AWS Certified Cloud Practitioner"}}, {"model": "restapi.certificate", "pk": 2, "fields": {"vendor": "AWS", "certificate_name": "AWS Certified Solutions Architect - Associate"}}, {"model": "restapi.certificate", "pk": 3, "fields": {"vendor": "AWS", "certificate_name": "AWS Certified Developer - Associate"}}, {"model": "restapi.certificate", "pk": 4, "fields": {"vendor": "AWS", "certificate_name": "AWS Certified SysOps Administrator - Associate"}}, {"model": "restapi.certificate", "pk": 5, "fields": {"vendor": "AWS", "certificate_name": "AWS Certified Solutions Architect - Professional"}}, {"model": "restapi.certificate", "pk": 6, "fields": {"vendor": "AWS", "certificate_name": "AWS Certified DevOps Engineer - Professional"}}, {"model": "restapi.certificate", "pk": 7, "fields": {"vendor": "AWS", "certificate_name": "AWS Certified Advanced Networking - Specialty"}}, {"model": "restapi.certificate", "pk": 8, "fields": {"vendor": "AWS", "certificate_name": "AWS Certified Data Analytics - Specialty"}}, {"model": "restapi.certificate", "pk": 9, "fields": {"vendor": "AWS", "certificate_name": "AWS Certified Database - Specialty"}}, {"model": "restapi.certificate", "pk": 10, "fields": {"vendor": "AWS", "certificate_name": "AWS Certified Machine Learning - Specialty"}}, {"model": "restapi.certificate", "pk": 11, "fields": {"vendor": "AWS", "certificate_name": "AWS Certified Security - Specialty"}}, {"model": "restapi.certificate", "pk": 12, "fields": {"vendor": "AWS", "certificate_name": "AWS Certified: SAP on AWS - Specialty"}}, {"model": "restapi.certificate", "pk": 13, "fields": {"vendor": "Azure", "certificate_name": "AI-900: Microsoft Azure AI Fundamentals"}}, {"model": "restapi.certificate", "pk": 14, "fields": {"vendor": "Azure", "certificate_name": "DP-900: Microsoft Azure Data Fundamentals"}}, {"model": "restapi.certificate", "pk": 15, "fields": {"vendor": "Azure", "certificate_name": "AZ-900: Microsoft Azure Fundamentals"}}, {"model": "restapi.certificate", "pk": 16, "fields": {"vendor": "Azure", "certificate_name": "AZ-104: Microsoft Azure Administrator"}}, {"model": "restapi.certificate", "pk": 17, "fields": {"vendor": "Azure", "certificate_name": "AI-102: Designing and Implementing a Microsoft Azure AI Solution"}}, {"model": "restapi.certificate", "pk": 18, "fields": {"vendor": "Azure", "certificate_name": "DP-100: Designing and Implementing a Data Science Solution on Azure"}}, {"model": "restapi.certificate", "pk": 19, "fields": {"vendor": "Azure", "certificate_name": "AZ-204: Developing Solutions for Microsoft Azure"}}, {"model": "restapi.certificate", "pk": 20, "fields": {"vendor": "Azure", "certificate_name": "DP-203: Data Engineering on Microsoft Azure"}}, {"model": "restapi.certificate", "pk": 21, "fields": {"vendor": "Azure", "certificate_name": "AZ-305: Designing Microsoft Azure Infrastructure Solutions"}}, {"model": "restapi.certificate", "pk": 22, "fields": {"vendor": "Azure", "certificate_name": "AZ-400: Designing and Implementing Microsoft DevOps Solutions"}}, {"model": "restapi.certificate", "pk": 23, "fields": {"vendor": "GCP", "certificate_name": "Associate Cloud Engineer"}}, {"model": "restapi.certificate", "pk": 24, "fields": {"vendor": "GCP", "certificate_name": "Professional Cloud Architect"}}, {"model": "restapi.certificate", "pk": 25, "fields": {"vendor": "GCP", "certificate_name": "Professional Cloud Developer"}}, {"model": "restapi.certificate", "pk": 26, "fields": {"vendor": "GCP", "certificate_name": "Professional Data Engineer"}}, {"model": "restapi.certificate", "pk": 27, "fields": {"vendor": "GCP", "certificate_name": "Professional Cloud DevOps Engineer"}}, {"model": "restapi.certificate", "pk": 28, "fields": {"vendor": "GCP", "certificate_name": "Professional Cloud Security Engineer"}}, {"model": "restapi.certificate", "pk": 29, "fields": {"vendor": "GCP", "certificate_name": "Professional Cloud Network Engineer"}}, {"model": "restapi.certificate", "pk": 30, "fields": {"vendor": "GCP", "certificate_name": "Professional Google Workspace Administrator"}}, {"model": "restapi.certificate", "pk": 31, "fields": {"vendor": "GCP", "certificate_name": "Professional Machine Learning Engineer"}}, {"model": "restapi.certificate", "pk": 32, "fields": {"vendor": "Github", "certificate_name": "GitHub Administration"}}, {"model": "restapi.certificate", "pk": 33, "fields": {"vendor": "Github", "certificate_name": "GitHub Actions"}}, {"model": "restapi.certificate", "pk": 34, "fields": {"vendor": "Github", "certificate_name": "GitHub Advanced Security"}}, {"model": "restapi.certificate", "pk": 35, "fields": {"vendor": "Gitlab", "certificate_name": "GitLab Certified Associate"}}, {"model": "restapi.certificate", "pk": 36, "fields": {"vendor": "Gitlab", "certificate_name": "GitLab Certified InnerSourcing Specialist"}}, {"model": "restapi.certificate", "pk": 37, "fields": {"vendor": "Gitlab", "certificate_name": "GitLab Certified CI/CD Specialist"}}, {"model": "restapi.certificate", "pk": 38, "fields": {"vendor": "Gitlab", "certificate_name": "GitLab Certified Project Management Specialist"}}, {"model": "restapi.certificate", "pk": 39, "fields": {"vendor": "Gitlab", "certificate_name": "GitLab Certified Security Specialist"}}, {"model": "restapi.certificate", "pk": 40, "fields": {"vendor": "Gitlab", "certificate_name": "GitLab Certified DevOps Professional"}}, {"model": "restapi.certificate", "pk": 41, "fields": {"vendor": "Atlassian", "certificate_name": "ACP-620 Managing Jira Projects for Cloud Certification"}}, {"model": "restapi.certificate", "pk": 42, "fields": {"vendor": "Atlassian", "certificate_name": "ACP-610 Managing Jira Projects for Data Center and Server Certification"}}, {"model": "restapi.certificate", "pk": 43, "fields": {"vendor": "Atlassian", "certificate_name": "ACP-420 Managing Jira Service Projects for Cloud"}}, {"model": "restapi.certificate", "pk": 44, "fields": {"vendor": "Atlassian", "certificate_name": "ACP-120 Jira Administration for Cloud Certification"}}, {"model": "restapi.certificate", "pk": 45, "fields": {"vendor": "Atlassian", "certificate_name": "ACP-100 Jira Administration for Data Center and Server Certification"}}, {"model": "restapi.certificate", "pk": 46, "fields": {"vendor": "Kubernetes", "certificate_name": "Kubernetes and Cloud Native Associate (KCNA)"}}, {"model": "restapi.certificate", "pk": 47, "fields": {"vendor": "Kubernetes", "certificate_name": "Certified Kubernetes Application Developer (CKAD)"}}, {"model": "restapi.certificate", "pk": 48, "fields": {"vendor": "Kubernetes", "certificate_name": "Certified Kubernetes Administrator (CKA)"}}, {"model": "restapi.certificate", "pk": 49, "fields": {"vendor": "Kubernetes", "certificate_name": "Certified Kubernetes Security Specialist (CKS)"}}, {"model": "restapi.employee_certificates", "pk": 1, "fields": {"employee": 1, "cert": 1, "valid_until": "2027-12-31"}}, {"model": "restapi.employee_certificates", "pk": 2, "fields": {"employee": 1, "cert": 2, "valid_until": "2023-12-31"}}, {"model": "restapi.employee_certificates", "pk": 3, "fields": {"employee": 1, "cert": 3, "valid_until": "2021-12-31"}}, {"model": "restapi.employee_certificates", "pk": 4, "fields": {"employee": 1, "cert": 4, "valid_until": "2024-12-31"}}, {"model": "restapi.employee_certificates", "pk": 5, "fields": {"employee": 1, "cert": 5, "valid_until": "2027-12-31"}}, {"model": "restapi.employee_certificates", "pk": 6, "fields": {"employee": 1, "cert": 13, "valid_until": "2023-12-31"}}, {"model": "restapi.employee_certificates", "pk": 7, "fields": {"employee": 2, "cert": 8, "valid_until": "2021-12-31"}}, {"model": "restapi.employee_certificates", "pk": 8, "fields": {"employee": 2, "cert": 9, "valid_until": "2024-12-31"}}, {"model": "restapi.employee_certificates", "pk": 9, "fields": {"employee": 2, "cert": 10, "valid_until": "2027-12-31"}}, {"model": "restapi.employee_certificates", "pk": 10, "fields": {"employee": 3, "cert": 6, "valid_until": "2023-12-31"}}, {"model": "restapi.employee_certificates", "pk": 11, "fields": {"employee": 3, "cert": 7, "valid_until": "2021-12-31"}}, {"model": "restapi.employee_certificates", "pk": 12, "fields": {"employee": 3, "cert": 8, "valid_until": "2024-12-31"}}, {"model": "restapi.employee_certificates", "pk": 13, "fields": {"employee": 4, "cert": 9, "valid_until": "2027-12-31"}}, {"model": "restapi.employee_certificates", "pk": 14, "fields": {"employee": 4, "cert": 10, "valid_until": "2023-12-31"}}, {"model": "restapi.employee_certificates", "pk": 15, "fields": {"employee": 5, "cert": 11, "valid_until": "2021-12-31"}}, {"model": "restapi.employee_certificates", "pk": 16, "fields": {"employee": 5, "cert": 13, "valid_until": "2024-12-31"}}, {"model": "restapi.employee_certificates", "pk": 17, "fields": {"employee": 6, "cert": 12, "valid_until": "2027-12-31"}}, {"model": "restapi.employee_certificates", "pk": 18, "fields": {"employee": 6, "cert": 3, "valid_until": "2023-12-31"}}, {"model": "restapi.employee_certificates", "pk": 19, "fields": {"employee": 7, "cert": 1, "valid_until": "2021-12-31"}}, {"model": "restapi.employee_certificates", "pk": 20, "fields": {"employee": 7, "cert": 13, "valid_until": "2024-12-31"}}, {"model": "restapi.employee_certificates", "pk": 21, "fields": {"employee": 8, "cert": 12, "valid_until": "2027-12-31"}}, {"model": "restapi.employee_certificates", "pk": 22, "fields": {"employee": 8, "cert": 6, "valid_until": "2023-12-31"}}, {"model": "restapi.employee_certificates", "pk": 23, "fields": {"employee": 9, "cert": 7, "valid_until": "2021-12-31"}}, {"model": "restapi.employee_certificates", "pk": 24, "fields": {"employee": 9, "cert": 3, "valid_until": "2024-12-31"}}, {"model": "restapi.employee_certificates", "pk": 25, "fields": {"employee": 10, "cert": 2, "valid_until": "2027-12-31"}}, {"model": "restapi.employee_certificates", "pk": 26, "fields": {"employee": 10, "cert": 10, "valid_until": "2023-12-31"}}, {"model": "restapi.employee_certificates", "pk": 27, "fields": {"employee": 11, "cert": 11, "valid_until": "2021-12-31"}}, {"model": "restapi.employee_certificates", "pk": 28, "fields": {"employee": 11, "cert": 13, "valid_until": "2024-12-31"}}, {"model": "restapi.employee_certificates", "pk": 29, "fields": {"employee": 12, "cert": 12, "valid_until": "2027-12-31"}}, {"model": "restapi.employee_certificates", "pk": 30, "fields": {"employee": 12, "cert": 13, "valid_until": "2023-12-31"}}, {"model": "restapi.employee_certificates", "pk": 31, "fields": {"employee": 13, "cert": 9, "valid_until": "2021-12-31"}}, {"model": "restapi.employee_certificates", "pk": 32, "fields": {"employee": 13, "cert": 8, "valid_until": "2024-12-31"}}, {"model": "restapi.employee_certificates", "pk": 33, "fields": {"employee": 14, "cert": 7, "valid_until": "2027-12-31"}}, {"model": "restapi.employee_certificates", "pk": 34, "fields": {"employee": 14, "cert": 6, "valid_until": "2023-12-31"}}, {"model": "restapi.employee_certificates", "pk": 35, "fields": {"employee": 15, "cert": 5, "valid_until": "2021-12-31"}}, {"model": "restapi.employee_certificates", "pk": 36, "fields": {"employee": 15, "cert": 4, "valid_until": "2024-12-31"}}, {"model": "restapi.employee_certificates", "pk": 37, "fields": {"employee": 16, "cert": 3, "valid_until": "2027-12-31"}}, {"model": "restapi.employee_certificates", "pk": 38, "fields": {"employee": 16, "cert": 2, "valid_until": "2023-12-31"}}, {"model": "restapi.employee_certificates", "pk": 39, "fields": {"employee": 17, "cert": 1, "valid_until": "2021-12-31"}}, {"model": "restapi.employee_certificates", "pk": 40, "fields": {"employee": 17, "cert": 8, "valid_until": "2024-12-31"}}, {"model": "restapi.employee_certificates", "pk": 41, "fields": {"employee": 18, "cert": 2, "valid_until": "2027-12-31"}}, {"model": "restapi.employee_certificates", "pk": 42, "fields": {"employee": 18, "cert": 12, "valid_until": "2023-12-31"}}, {"model": "restapi.employee_certificates", "pk": 43, "fields": {"employee": 19, "cert": 13, "valid_until": "2021-12-31"}}, {"model": "restapi.employee_certificates", "pk": 44, "fields": {"employee": 19, "cert": 8, "valid_until": "2024-12-31"}}, {"model": "restapi.employee_certificates", "pk": 45, "fields": {"employee": 20, "cert": 1, "valid_until": "2027-12-31"}}, {"model": "restapi.employee_certificates", "pk": 46, "fields": {"employee": 20, "cert": 2, "valid_until": "2023-12-31"}}, {"model": "restapi.employee_certificates", "pk": 47, "fields": {"employee": 21, "cert": 3, "valid_until": "2021-12-31"}}, {"model": "restapi.employee_certificates", "pk": 48, "fields": {"employee": 21, "cert": 4, "valid_until": "2024-12-31"}}, {"model": "restapi.employee_certificates", "pk": 49, "fields": {"employee": 22, "cert": 12, "valid_until": "2027-12-31"}}, {"model": "restapi.employee_certificates", "pk": 50, "fields": {"employee": 22, "cert": 13, "valid_until": "2023-12-31"}}, {"model": "restapi.employee_certificates", "pk": 51, "fields": {"employee": 23, "cert": 9, "valid_until": "2021-12-31"}}, {"model": "restapi.employee_certificates", "pk": 52, "fields": {"employee": 23, "cert": 8, "valid_until": "2024-12-31"}}, {"model": "restapi.employee_certificates", "pk": 53, "fields": {"employee": 24, "cert": 7, "valid_until": "2027-12-31"}}, {"model": "restapi.employee_certificates", "pk": 54, "fields": {"employee": 24, "cert": 6, "valid_until": "2023-12-31"}}, {"model": "restapi.employee_certificates", "pk": 55, "fields": {"employee": 25, "cert": 5, "valid_until": "2021-12-31"}}, {"model": "restapi.employee_certificates", "pk": 56, "fields": {"employee": 25, "cert": 4, "valid_until": "2024-12-31"}}, {"model": "restapi.employee_certificates", "pk": 57, "fields": {"employee": 26, "cert": 3, "valid_until": "2027-12-31"}}, {"model": "restapi.employee_certificates", "pk": 58, "fields": {"employee": 26, "cert": 2, "valid_until": "2023-12-31"}}, {"model": "restapi.employee_certificates", "pk": 59, "fields": {"employee": 27, "cert": 1, "valid_until": "2021-12-31"}}, {"model": "restapi.employee_certificates", "pk": 60, "fields": {"employee": 27, "cert": 8, "valid_until": "2024-12-31"}}, {"model": "restapi.employee_certificates", "pk": 61, "fields": {"employee": 28, "cert": 2, "valid_until": "2027-12-31"}}, {"model": "restapi.employee_certificates", "pk": 62, "fields": {"employee": 28, "cert": 12, "valid_until": "2023-12-31"}}, {"model": "restapi.employee_tech_skills", "pk": 1, "fields": {"employee": 1, "tech": 1, "skill_level": 1, "tech_preference": true}}, {"model": "restapi.employee_tech_skills", "pk": 2, "fields": {"employee": 1, "tech": 2, "skill_level": 3, "tech_preference": false}}, {"model": "restapi.employee_tech_skills", "pk": 3, "fields": {"employee": 1, "tech": 4, "skill_level": 2, "tech_preference": null}}, {"model": "restapi.employee_tech_skills", "pk": 4, "fields": {"employee": 1, "tech": 3, "skill_level": 1, "tech_preference": true}}, {"model": "restapi.employee_tech_skills", "pk": 5, "fields": {"employee": 1, "tech": 5, "skill_level": 3, "tech_preference": null}}, {"model": "restapi.employee_tech_skills", "pk": 6, "fields": {"employee": 1, "tech": 6, "skill_level": 2, "tech_preference": true}}, {"model": "restapi.employee_tech_skills", "pk": 7, "fields": {"employee": 1, "tech": 7, "skill_level": 1, "tech_preference": true}}, {"model": "restapi.employee_tech_skills", "pk": 8, "fields": {"employee": 1, "tech": 9, "skill_level": 3, "tech_preference": null}}, {"model": "restapi.employee_tech_skills", "pk": 9, "fields": {"employee": 1, "tech": 14, "skill_level": 2, "tech_preference": true}}, {"model": "restapi.employee_tech_skills", "pk": 10, "fields": {"employee": 2, "tech": 1, "skill_level": 1, "tech_preference": true}}, {"model": "restapi.employee_tech_skills", "pk": 11, "fields": {"employee": 2, "tech": 2, "skill_level": 3, "tech_preference": false}}, {"model": "restapi.employee_tech_skills", "pk": 12, "fields": {"employee": 2, "tech": 4, "skill_level": 2, "tech_preference": null}}, {"model": "restapi.employee_tech_skills", "pk": 13, "fields": {"employee": 2, "tech": 5, "skill_level": 1, "tech_preference": true}}, {"model": "restapi.employee_tech_skills", "pk": 14, "fields": {"employee": 2, "tech": 6, "skill_level": 3, "tech_preference": null}}, {"model": "restapi.employee_tech_skills", "pk": 15, "fields": {"employee": 2, "tech": 7, "skill_level": 2, "tech_preference": false}}, {"model": "restapi.employee_tech_skills", "pk": 16, "fields": {"employee": 2, "tech": 8, "skill_level": 1, "tech_preference": true}}, {"model": "restapi.employee_tech_skills", "pk": 17, "fields": {"employee": 2, "tech": 9, "skill_level": 3, "tech_preference": true}}, {"model": "restapi.employee_tech_skills", "pk": 18, "fields": {"employee": 2, "tech": 10, "skill_level": 2, "tech_preference": false}}, {"model": "restapi.employee_tech_skills", "pk": 19, "fields": {"employee": 3, "tech": 1, "skill_level": 1, "tech_preference": true}}, {"model": "restapi.employee_tech_skills", "pk": 20, "fields": {"employee": 3, "tech": 7, "skill_level": 1, "tech_preference": false}}, {"model": "restapi.employee_tech_skills", "pk": 21, "fields": {"employee": 3, "tech": 14, "skill_level": 2, "tech_preference": null}}, {"model": "restapi.employee_tech_skills", "pk": 22, "fields": {"employee": 3, "tech": 2, "skill_level": 1, "tech_preference": true}}, {"model": "restapi.employee_tech_skills", "pk": 23, "fields": {"employee": 3, "tech": 3, "skill_level": 1, "tech_preference": null}}, {"model": "restapi.employee_tech_skills", "pk": 24, "fields": {"employee": 3, "tech": 4, "skill_level": 2, "tech_preference": false}}, {"model": "restapi.employee_tech_skills", "pk": 25, "fields": {"employee": 4, "tech": 1, "skill_level": 1, "tech_preference": true}}, {"model": "restapi.employee_tech_skills", "pk": 26, "fields": {"employee": 4, "tech": 7, "skill_level": 2, "tech_preference": false}}, {"model": "restapi.employee_tech_skills", "pk": 27, "fields": {"employee": 4, "tech": 14, "skill_level": 2, "tech_preference": null}}, {"model": "restapi.employee_tech_skills", "pk": 28, "fields": {"employee": 4, "tech": 3, "skill_level": 1, "tech_preference": true}}, {"model": "restapi.employee_tech_skills", "pk": 29, "fields": {"employee": 4, "tech": 6, "skill_level": 2, "tech_preference": null}}, {"model": "restapi.employee_tech_skills", "pk": 30, "fields": {"employee": 4, "tech": 12, "skill_level": 2, "tech_preference": false}}, {"model": "restapi.employee_tech_skills", "pk": 31, "fields": {"employee": 5, "tech": 1, "skill_level": 1, "tech_preference": true}}, {"model": "restapi.employee_tech_skills", "pk": 32, "fields": {"employee": 5, "tech": 7, "skill_level": 3, "tech_preference": false}}, {"model": "restapi.employee_tech_skills", "pk": 33, "fields": {"employee": 5, "tech": 10, "skill_level": 1, "tech_preference": null}}, {"model": "restapi.employee_tech_skills", "pk": 34, "fields": {"employee": 5, "tech": 3, "skill_level": 1, "tech_preference": true}}, {"model": "restapi.employee_tech_skills", "pk": 35, "fields": {"employee": 5, "tech": 4, "skill_level": 3, "tech_preference": null}}, {"model": "restapi.employee_tech_skills", "pk": 36, "fields": {"employee": 5, "tech": 14, "skill_level": 1, "tech_preference": true}}, {"model": "restapi.employee_tech_skills", "pk": 37, "fields": {"employee": 6, "tech": 1, "skill_level": 2, "tech_preference": true}}, {"model": "restapi.employee_tech_skills", "pk": 38, "fields": {"employee": 6, "tech": 8, "skill_level": 1, "tech_preference": false}}, {"model": "restapi.employee_tech_skills", "pk": 39, "fields": {"employee": 6, "tech": 14, "skill_level": 3, "tech_preference": null}}, {"model": "restapi.employee_tech_skills", "pk": 40, "fields": {"employee": 7, "tech": 2, "skill_level": 1, "tech_preference": true}}, {"model": "restapi.employee_tech_skills", "pk": 41, "fields": {"employee": 7, "tech": 8, "skill_level": 2, "tech_preference": false}}, {"model": "restapi.employee_tech_skills", "pk": 42, "fields": {"employee": 7, "tech": 10, "skill_level": 2, "tech_preference": null}}, {"model": "restapi.employee_tech_skills", "pk": 43, "fields": {"employee": 7, "tech": 4, "skill_level": 1, "tech_preference": true}}, {"model": "restapi.employee_tech_skills", "pk": 44, "fields": {"employee": 7, "tech": 9, "skill_level": 2, "tech_preference": null}}, {"model": "restapi.employee_tech_skills", "pk": 45, "fields": {"employee": 7, "tech": 11, "skill_level": 2, "tech_preference": true}}, {"model": "restapi.employee_tech_skills", "pk": 46, "fields": {"employee": 8, "tech": 2, "skill_level": 2, "tech_preference": true}}, {"model": "restapi.employee_tech_skills", "pk": 47, "fields": {"employee": 8, "tech": 8, "skill_level": 3, "tech_preference": false}}, {"model": "restapi.employee_tech_skills", "pk": 48, "fields": {"employee": 8, "tech": 10, "skill_level": 3, "tech_preference": null}}, {"model": "restapi.employee_tech_skills", "pk": 49, "fields": {"employee": 9, "tech": 2, "skill_level": 3, "tech_preference": true}}, {"model": "restapi.employee_tech_skills", "pk": 50, "fields": {"employee": 9, "tech": 9, "skill_level": 1, "tech_preference": false}}, {"model": "restapi.employee_tech_skills", "pk": 51, "fields": {"employee": 9, "tech": 11, "skill_level": 1, "tech_preference": null}}, {"model": "restapi.employee_tech_skills", "pk": 52, "fields": {"employee": 10, "tech": 3, "skill_level": 1, "tech_preference": false}}, {"model": "restapi.employee_tech_skills", "pk": 53, "fields": {"employee": 10, "tech": 9, "skill_level": 2, "tech_preference": true}}, {"model": "restapi.employee_tech_skills", "pk": 54, "fields": {"employee": 10, "tech": 11, "skill_level": 2, "tech_preference": null}}, {"model": "restapi.employee_tech_skills", "pk": 55, "fields": {"employee": 10, "tech": 4, "skill_level": 1, "tech_preference": false}}, {"model": "restapi.employee_tech_skills", "pk": 56, "fields": {"employee": 10, "tech": 7, "skill_level": 2, "tech_preference": null}}, {"model": "restapi.employee_tech_skills", "pk": 57, "fields": {"employee": 10, "tech": 13, "skill_level": 2, "tech_preference": true}}, {"model": "restapi.employee_tech_skills", "pk": 58, "fields": {"employee": 11, "tech": 3, "skill_level": 2, "tech_preference": false}}, {"model": "restapi.employee_tech_skills", "pk": 59, "fields": {"employee": 11, "tech": 9, "skill_level": 3, "tech_preference": true}}, {"model": "restapi.employee_tech_skills", "pk": 60, "fields": {"employee": 11, "tech": 11, "skill_level": 3, "tech_preference": null}}, {"model": "restapi.employee_tech_skills", "pk": 61, "fields": {"employee": 12, "tech": 3, "skill_level": 3, "tech_preference": false}}, {"model": "restapi.employee_tech_skills", "pk": 62, "fields": {"employee": 12, "tech": 9, "skill_level": 1, "tech_preference": true}}, {"model": "restapi.employee_tech_skills", "pk": 63, "fields": {"employee": 12, "tech": 12, "skill_level": 1, "tech_preference": null}}, {"model": "restapi.employee_tech_skills", "pk": 64, "fields": {"employee": 13, "tech": 4, "skill_level": 1, "tech_preference": false}}, {"model": "restapi.employee_tech_skills", "pk": 65, "fields": {"employee": 13, "tech": 9, "skill_level": 1, "tech_preference": true}}, {"model": "restapi.employee_tech_skills", "pk": 66, "fields": {"employee": 13, "tech": 12, "skill_level": 2, "tech_preference": null}}, {"model": "restapi.employee_tech_skills", "pk": 67, "fields": {"employee": 14, "tech": 4, "skill_level": 2, "tech_preference": false}}, {"model": "restapi.employee_tech_skills", "pk": 68, "fields": {"employee": 14, "tech": 9, "skill_level": 1, "tech_preference": true}}, {"model": "restapi.employee_tech_skills", "pk": 69, "fields": {"employee": 14, "tech": 12, "skill_level": 3, "tech_preference": null}}, {"model": "restapi.employee_tech_skills", "pk": 70, "fields": {"employee": 15, "tech": 5, "skill_level": 1, "tech_preference": false}}, {"model": "restapi.employee_tech_skills", "pk": 71, "fields": {"employee": 15, "tech": 9, "skill_level": 3, "tech_preference": true}}, {"model": "restapi.employee_tech_skills", "pk": 72, "fields": {"employee": 15, "tech": 13, "skill_level": 1, "tech_preference": null}}, {"model": "restapi.employee_tech_skills", "pk": 73, "fields": {"employee": 16, "tech": 5, "skill_level": 2, "tech_preference": false}}, {"model": "restapi.employee_tech_skills", "pk": 74, "fields": {"employee": 16, "tech": 8, "skill_level": 1, "tech_preference": true}}, {"model": "restapi.employee_tech_skills", "pk": 75, "fields": {"employee": 16, "tech": 13, "skill_level": 2, "tech_preference": null}}, {"model": "restapi.employee_tech_skills", "pk": 76, "fields": {"employee": 17, "tech": 5, "skill_level": 3, "tech_preference": false}}, {"model": "restapi.employee_tech_skills", "pk": 77, "fields": {"employee": 17, "tech": 8, "skill_level": 2, "tech_preference": true}}, {"model": "restapi.employee_tech_skills", "pk": 78, "fields": {"employee": 17, "tech": 13, "skill_level": 3, "tech_preference": null}}, {"model": "restapi.employee_tech_skills", "pk": 79, "fields": {"employee": 18, "tech": 5, "skill_level": 2, "tech_preference": false}}, {"model": "restapi.employee_tech_skills", "pk": 80, "fields": {"employee": 18, "tech": 8, "skill_level": 3, "tech_preference": true}}, {"model": "restapi.employee_tech_skills", "pk": 81, "fields": {"employee": 18, "tech": 13, "skill_level": 1, "tech_preference": null}}, {"model": "restapi.employee_tech_skills", "pk": 82, "fields": {"employee": 19, "tech": 6, "skill_level": 1, "tech_preference": false}}, {"model": "restapi.employee_tech_skills", "pk": 83, "fields": {"employee": 19, "tech": 8, "skill_level": 1, "tech_preference": true}}, {"model": "restapi.employee_tech_skills", "pk": 84, "fields": {"employee": 19, "tech": 13, "skill_level": 2, "tech_preference": null}}, {"model": "restapi.employee_tech_skills", "pk": 85, "fields": {"employee": 20, "tech": 6, "skill_level": 2, "tech_preference": false}}, {"model": "restapi.employee_tech_skills", "pk": 86, "fields": {"employee": 20, "tech": 7, "skill_level": 1, "tech_preference": true}}, {"model": "restapi.employee_tech_skills", "pk": 87, "fields": {"employee": 20, "tech": 13, "skill_level": 3, "tech_preference": null}}, {"model": "restapi.employee_tech_skills", "pk": 88, "fields": {"employee": 21, "tech": 6, "skill_level": 3, "tech_preference": null}}, {"model": "restapi.employee_tech_skills", "pk": 89, "fields": {"employee": 21, "tech": 7, "skill_level": 2, "tech_preference": false}}, {"model": "restapi.employee_tech_skills", "pk": 90, "fields": {"employee": 21, "tech": 14, "skill_level": 1, "tech_preference": true}}, {"model": "restapi.employee_tech_skills", "pk": 91, "fields": {"employee": 22, "tech": 6, "skill_level": 2, "tech_preference": null}}, {"model": "restapi.employee_tech_skills", "pk": 92, "fields": {"employee": 22, "tech": 8, "skill_level": 1, "tech_preference": false}}, {"model": "restapi.employee_tech_skills", "pk": 93, "fields": {"employee": 22, "tech": 14, "skill_level": 2, "tech_preference": true}}, {"model": "restapi.employee_tech_skills", "pk": 94, "fields": {"employee": 23, "tech": 2, "skill_level": 2, "tech_preference": null}}, {"model": "restapi.employee_tech_skills", "pk": 95, "fields": {"employee": 23, "tech": 6, "skill_level": 1, "tech_preference": false}}, {"model": "restapi.employee_tech_skills", "pk": 96, "fields": {"employee": 23, "tech": 14, "skill_level": 3, "tech_preference": true}}, {"model": "restapi.employee_tech_skills", "pk": 97, "fields": {"employee": 24, "tech": 2, "skill_level": 3, "tech_preference": null}}, {"model": "restapi.employee_tech_skills", "pk": 98, "fields": {"employee": 24, "tech": 6, "skill_level": 1, "tech_preference": false}}, {"model": "restapi.employee_tech_skills", "pk": 99, "fields": {"employee": 24, "tech": 14, "skill_level": 3, "tech_preference": true}}, {"model": "restapi.employee_tech_skills", "pk": 100, "fields": {"employee": 25, "tech": 1, "skill_level": 1, "tech_preference": null}}, {"model": "restapi.employee_tech_skills", "pk": 101, "fields": {"employee": 25, "tech": 9, "skill_level": 1, "tech_preference": false}}, {"model": "restapi.employee_tech_skills", "pk": 102, "fields": {"employee": 25, "tech": 14, "skill_level": 3, "tech_preference": true}}, {"model": "restapi.employee_tech_skills", "pk": 103, "fields": {"employee": 26, "tech": 1, "skill_level": 2, "tech_preference": null}}, {"model": "restapi.employee_tech_skills", "pk": 104, "fields": {"employee": 26, "tech": 9, "skill_level": 2, "tech_preference": false}}, {"model": "restapi.employee_tech_skills", "pk": 105, "fields": {"employee": 26, "tech": 14, "skill_level": 3, "tech_preference": true}}, {"model": "restapi.employee_tech_skills", "pk": 106, "fields": {"employee": 27, "tech": 1, "skill_level": 3, "tech_preference": null}}, {"model": "restapi.employee_tech_skills", "pk": 107, "fields": {"employee": 27, "tech": 9, "skill_level": 3, "tech_preference": false}}, {"model": "restapi.employee_tech_skills", "pk": 108, "fields": {"employee": 27, "tech": 12, "skill_level": 2, "tech_preference": true}}, {"model": "restapi.employee_tech_skills", "pk": 109, "fields": {"employee": 28, "tech": 1, "skill_level": 2, "tech_preference": null}}, {"model": "restapi.employee_tech_skills", "pk": 110, "fields": {"employee": 28, "tech": 9, "skill_level": 1, "tech_preference": false}}, {"model": "restapi.employee_tech_skills", "pk": 111, "fields": {"employee": 28, "tech": 12, "skill_level": 3, "tech_preference": true}}, {"model": "restapi.project", "pk": 1, "fields": {"project_name": "Cast 2023", "project_start_date": "2023-01-01", "project_end_date": "2023-05-15", "confidential": false}}, {"model": "restapi.project", "pk": 2, "fields": {"project_name": "CastCorp", "project_start_date": "2022-01-01", "project_end_date": "2022-11-30", "confidential": true}}, {"model": "restapi.project", "pk": 3, "fields": {"project_name": "Castbook", "project_start_date": "2023-06-01", "project_end_date": "2023-12-31", "confidential": false}}, {"model": "restapi.project", "pk": 4, "fields": {"project_name": "ArchCorp", "project_start_date": "2023-03-01", "project_end_date": "2023-05-15", "confidential": false}}, {"model": "restapi.project", "pk": 5, "fields": {"project_name": "BowlCorp", "project_start_date": "2015-01-01", "project_end_date": "2025-11-30", "confidential": true}}, {"model": "restapi.project", "pk": 6, "fields": {"project_name": "CurlCorp", "project_start_date": "2023-06-01", "project_end_date": "2023-12-31", "confidential": false}}, {"model": "restapi.project", "pk": 7, "fields": {"project_name": "DawnCorp", "project_start_date": "2012-07-15", "project_end_date": "2024-11-30", "confidential": false}}, {"model": "restapi.project", "pk": 8, "fields": {"project_name": "ElepCorp", "project_start_date": "2023-08-01", "project_end_date": "2023-12-15", "confidential": false}}, {"model": "restapi.project", "pk": 9, "fields": {"project_name": "FuelCorp", "project_start_date": "2023-06-01", "project_end_date": "2023-12-31", "confidential": false}}, {"model": "restapi.project", "pk": 10, "fields": {"project_name": "GaussCorp", "project_start_date": "2012-07-15", "project_end_date": "2024-11-30", "confidential": false}}, {"model": "restapi.project", "pk": 11, "fields": {"project_name": "HorseCorp", "project_start_date": "2023-08-01", "project_end_date": "2023-12-15", "confidential": false}}, {"model": "restapi.project", "pk": 12, "fields": {"project_name": "ImpalaCorp", "project_start_date": "2023-01-01", "project_end_date": "2023-12-31", "confidential": false}}, {"model": "restapi.project", "pk": 13, "fields": {"project_name": "JawCorp", "project_start_date": "2023-03-31", "project_end_date": "2024-12-31", "confidential": false}}, {"model": "restapi.project", "pk": 14, "fields": {"project_name": "KeutzCorp", "project_start_date": "2023-08-01", "project_end_date": "2025-12-31", "confidential": false}}, {"model": "restapi.project", "pk": 15, "fields": {"project_name": "LampCorp", "project_start_date": "2018-01-01", "project_end_date": "2018-12-31", "confidential": false}}, {"model": "restapi.project", "pk": 16, "fields": {"project_name": "MoonCorp", "project_start_date": "2023-03-31", "project_end_date": "2024-12-31", "confidential": true}}, {"model": "restapi.project", "pk": 17, "fields": {"project_name": "NiceCorp", "project_start_date": "2024-01-01", "project_end_date": "2024-12-31", "confidential": false}}, {"model": "restapi.project", "pk": 18, "fields": {"project_name": "OMGCorp", "project_start_date": "2023-01-01", "project_end_date": "2023-12-31", "confidential": false}}, {"model": "restapi.project", "pk": 19, "fields": {"project_name": "PorecCorp", "project_start_date": "2023-03-31", "project_end_date": "2024-12-31", "confidential": false}}, {"model": "restapi.project", "pk": 20, "fields": {"project_name": "QuantumCorp", "project_start_date": "2023-08-01", "project_end_date": "2024-12-31", "confidential": true}}, {"model": "restapi.project", "pk": 21, "fields": {"project_name": "RichCorp", "project_start_date": "2023-01-01", "project_end_date": "2023-12-31", "confidential": false}}, {"model": "restapi.project", "pk": 22, "fields": {"project_name": "StewCorp", "project_start_date": "2023-03-31", "project_end_date": "2024-12-31", "confidential": false}}, {"model": "restapi.project", "pk": 23, "fields": {"project_name": "TennisCorp", "project_start_date": "2023-08-01", "project_end_date": "2025-12-31", "confidential": false}}, {"model": "restapi.project", "pk": 24, "fields": {"project_name": "UtahCorp", "project_start_date": "2024-01-01", "project_end_date": "2024-12-31", "confidential": false}}, {"model": "restapi.project", "pk": 25, "fields": {"project_name": "VeicoCorp", "project_start_date": "2023-03-31", "project_end_date": "2023-12-31", "confidential": false}}, {"model": "restapi.project", "pk": 26, "fields": {"project_name": "WallCorp", "project_start_date": "2021-08-01", "project_end_date": "2025-12-31", "confidential": true}}, {"model": "restapi.project", "pk": 27, "fields": {"project_name": "XuCorp", "project_start_date": "2023-01-01", "project_end_date": "2023-12-31", "confidential": false}}, {"model": "restapi.project", "pk": 28, "fields": {"project_name": "YouthCorp", "project_start_date": "2024-03-31", "project_end_date": "2024-12-31", "confidential": false}}, {"model": "restapi.project", "pk": 29, "fields": {"project_name": "ZooliCorp", "project_start_date": "2023-01-01", "project_end_date": "2030-12-31", "confidential": false}}, {"model": "restapi.project", "pk": 30, "fields": {"project_name": "YabaCorp", "project_start_date": "2023-01-01", "project_end_date": "2025-07-31", "confidential": false}}, {"model": "restapi.employee_projects", "pk": 1, "fields": {"employee": 1, "project": 1, "employee_participation_start_date": "2023-01-01", "employee_participation_end_date": "2023-05-15", "allocation_busy": 40}}, {"model": "restapi.employee_projects", "pk": 2, "fields": {"employee": 1, "project": 2, "employee_participation_start_date": "2022-01-01", "employee_participation_end_date": "2022-11-30", "allocation_busy": 100}}, {"model": "restapi.employee_projects", "pk": 3, "fields": {"employee": 1, "project": 3, "employee_participation_start_date": "2023-06-01", "employee_participation_end_date": "2023-12-31", "allocation_busy": 40}}, {"model": "restapi.employee_projects", "pk": 4, "fields": {"employee": 1, "project": 4, "employee_participation_start_date": "2023-03-01", "employee_participation_end_date": "2023-05-15", "allocation_busy": 20}}, {"model": "restapi.employee_projects", "pk": 5, "fields": {"employee": 1, "project": 7, "employee_participation_start_date": "2018-07-15", "employee_participation_end_date": "2020-11-30", "allocation_busy": 100}}, {"model": "restapi.employee_projects", "pk": 6, "fields": {"employee": 1, "project": 8, "employee_participation_start_date": "2023-08-01", "employee_participation_end_date": "2023-12-15", "allocation_busy": 20}}, {"model": "restapi.employee_projects", "pk": 7, "fields": {"employee": 1, "project": 9, "employee_participation_start_date": "2023-06-01", "employee_participation_end_date": "2023-12-31", "allocation_busy": 20}}, {"model": "restapi.employee_projects", "pk": 8, "fields": {"employee": 1, "project": 10, "employee_participation_start_date": "2012-07-15", "employee_participation_end_date": "2018-06-30", "allocation_busy": 100}}, {"model": "restapi.employee_projects", "pk": 9, "fields": {"employee": 1, "project": 11, "employee_participation_start_date": "2023-08-01", "employee_participation_end_date": "2023-12-15", "allocation_busy": 20}}, {"model": "restapi.employee_projects", "pk": 10, "fields": {"employee": 1, "project": 12, "employee_participation_start_date": "2023-01-01", "employee_participation_end_date": "2023-05-31", "allocation_busy": 40}}, {"model": "restapi.employee_projects", "pk": 11, "fields": {"employee": 2, "project": 5, "employee_participation_start_date": "2023-01-01", "employee_participation_end_date": "2025-11-30", "allocation_busy": 80}}, {"model": "restapi.employee_projects", "pk": 12, "fields": {"employee": 2, "project": 6, "employee_participation_start_date": "2023-06-01", "employee_participation_end_date": "2023-07-31", "allocation_busy": 20}}, {"model": "restapi.employee_projects", "pk": 13, "fields": {"employee": 2, "project": 7, "employee_participation_start_date": "2012-07-15", "employee_participation_end_date": "2020-11-30", "allocation_busy": 100}}, {"model": "restapi.employee_projects", "pk": 14, "fields": {"employee": 2, "project": 8, "employee_participation_start_date": "2023-08-01", "employee_participation_end_date": "2023-12-15", "allocation_busy": 20}}, {"model": "restapi.employee_projects", "pk": 15, "fields": {"employee": 3, "project": 9, "employee_participation_start_date": "2023-06-01", "employee_participation_end_date": "2023-12-31", "allocation_busy": 50}}, {"model": "restapi.employee_projects", "pk": 16, "fields": {"employee": 3, "project": 10, "employee_participation_start_date": "2012-07-15", "employee_participation_end_date": "2021-11-30", "allocation_busy": 100}}, {"model": "restapi.employee_projects", "pk": 17, "fields": {"employee": 3, "project": 1, "employee_participation_start_date": "2023-01-01", "employee_participation_end_date": "2023-05-15", "allocation_busy": 10}}, {"model": "restapi.employee_projects", "pk": 18, "fields": {"employee": 3, "project": 2, "employee_participation_start_date": "2022-01-01", "employee_participation_end_date": "2022-11-30", "allocation_busy": 100}}, {"model": "restapi.employee_projects", "pk": 19, "fields": {"employee": 3, "project": 3, "employee_participation_start_date": "2023-06-01", "employee_participation_end_date": "2023-12-31", "allocation_busy": 50}}, {"model": "restapi.employee_projects", "pk": 20, "fields": {"employee": 4, "project": 11, "employee_participation_start_date": "2023-08-01", "employee_participation_end_date": "2023-12-15", "allocation_busy": 100}}, {"model": "restapi.employee_projects", "pk": 21, "fields": {"employee": 4, "project": 12, "employee_participation_start_date": "2023-01-01", "employee_participation_end_date": "2023-07-31", "allocation_busy": 80}}, {"model": "restapi.employee_projects", "pk": 22, "fields": {"employee": 4, "project": 4, "employee_participation_start_date": "2023-03-01", "employee_participation_end_date": "2023-05-15", "allocation_busy": 20}}, {"model": "restapi.employee_projects", "pk": 23, "fields": {"employee": 4, "project": 5, "employee_participation_start_date": "2015-01-01", "employee_participation_end_date": "2022-11-30", "allocation_busy": 100}}, {"model": "restapi.employee_projects", "pk": 24, "fields": {"employee": 5, "project": 13, "employee_participation_start_date": "2023-03-31", "employee_participation_end_date": "2024-12-31", "allocation_busy": 50}}, {"model": "restapi.employee_projects", "pk": 25, "fields": {"employee": 5, "project": 14, "employee_participation_start_date": "2023-08-01", "employee_participation_end_date": "2025-12-31", "allocation_busy": 50}}, {"model": "restapi.employee_projects", "pk": 26, "fields": {"employee": 6, "project": 15, "employee_participation_start_date": "2018-01-01", "employee_participation_end_date": "2018-12-31", "allocation_busy": 100}}, {"model": "restapi.employee_projects", "pk": 27, "fields": {"employee": 6, "project": 16, "employee_participation_start_date": "2023-03-31", "employee_participation_end_date": "2024-01-31", "allocation_busy": 100}}, {"model": "restapi.employee_projects", "pk": 28, "fields": {"employee": 7, "project": 17, "employee_participation_start_date": "2023-01-01", "employee_participation_end_date": "2023-12-31", "allocation_busy": 60}}, {"model": "restapi.employee_projects", "pk": 29, "fields": {"employee": 7, "project": 18, "employee_participation_start_date": "2023-01-01", "employee_participation_end_date": "2023-12-31", "allocation_busy": 40}}, {"model": "restapi.employee_projects", "pk": 30, "fields": {"employee": 8, "project": 19, "employee_participation_start_date": "2023-03-31", "employee_participation_end_date": "2024-12-31", "allocation_busy": 60}}, {"model": "restapi.employee_projects", "pk": 31, "fields": {"employee": 8, "project": 20, "employee_participation_start_date": "2023-08-01", "employee_participation_end_date": "2024-12-31", "allocation_busy": 40}}, {"model": "restapi.employee_projects", "pk": 32, "fields": {"employee": 9, "project": 21, "employee_participation_start_date": "2023-01-01", "employee_participation_end_date": "2023-12-31", "allocation_busy": 100}}, {"model": "restapi.employee_projects", "pk": 33, "fields": {"employee": 9, "project": 22, "employee_participation_start_date": "2024-01-01", "employee_participation_end_date": "2024-12-31", "allocation_busy": 100}}, {"model": "restapi.employee_projects", "pk": 34, "fields": {"employee": 10, "project": 23, "employee_participation_start_date": "2023-08-01", "employee_participation_end_date": "2023-12-31", "allocation_busy": 100}}, {"model": "restapi.employee_projects", "pk": 35, "fields": {"employee": 10, "project": 24, "employee_participation_start_date": "2024-01-01", "employee_participation_end_date": "2024-12-31", "allocation_busy": 100}}, {"model": "restapi.employee_projects", "pk": 36, "fields": {"employee": 11, "project": 25, "employee_participation_start_date": "2023-03-31", "employee_participation_end_date": "2023-12-31", "allocation_busy": 80}}, {"model": "restapi.employee_projects", "pk": 37, "fields": {"employee": 11, "project": 26, "employee_participation_start_date": "2021-08-01", "employee_participation_end_date": "2023-12-31", "allocation_busy": 20}}, {"model": "restapi.employee_projects", "pk": 38, "fields": {"employee": 12, "project": 27, "employee_participation_start_date": "2023-01-01", "employee_participation_end_date": "2023-12-31", "allocation_busy": 100}}, {"model": "restapi.employee_projects", "pk": 39, "fields": {"employee": 12, "project": 28, "employee_participation_start_date": "2024-06-30", "employee_participation_end_date": "2024-12-31", "allocation_busy": 100}}, {"model": "restapi.employee_projects", "pk": 40, "fields": {"employee": 13, "project": 29, "employee_participation_start_date": "2023-01-01", "employee_participation_end_date": "2030-12-31", "allocation_busy": 50}}, {"model": "restapi.employee_projects", "pk": 41, "fields": {"employee": 13, "project": 30, "employee_participation_start_date": "2023-01-01", "employee_participation_end_date": "2025-07-31", "allocation_busy": 50}}, {"model": "restapi.employee_projects", "pk": 42, "fields": {"employee": 14, "project": 1, "employee_participation_start_date": "2023-01-01", "employee_participation_end_date": "2023-05-15", "allocation_busy": 100}}, {"model": "restapi.employee_projects", "pk": 43, "fields": {"employee": 14, "project": 2, "employee_participation_start_date": "2022-01-01", "employee_participation_end_date": "2022-11-30", "allocation_busy": 100}}, {"model": "restapi.employee_projects", "pk": 44, "fields": {"employee": 15, "project": 3, "employee_participation_start_date": "2023-06-01", "employee_participation_end_date": "2023-12-31", "allocation_busy": 100}}, {"model": "restapi.employee_projects", "pk": 45, "fields": {"employee": 15, "project": 4, "employee_participation_start_date": "2023-03-01", "employee_participation_end_date": "2023-05-15", "allocation_busy": 100}}, {"model": "restapi.employee_projects", "pk": 46, "fields": {"employee": 16, "project": 5, "employee_participation_start_date": "2015-01-01", "employee_participation_end_date": "2022-11-30", "allocation_busy": 100}}, {"model": "restapi.employee_projects", "pk": 47, "fields": {"employee": 16, "project": 6, "employee_participation_start_date": "2023-06-01", "employee_participation_end_date": "2023-12-31", "allocation_busy": 100}}, {"model": "restapi.employee_projects", "pk": 48, "fields": {"employee": 17, "project": 7, "employee_participation_start_date": "2012-07-15", "employee_participation_end_date": "2023-07-30", "allocation_busy": 100}}, {"model": "restapi.employee_projects", "pk": 49, "fields": {"employee": 17, "project": 8, "employee_participation_start_date": "2023-08-01", "employee_participation_end_date": "2023-12-15", "allocation_busy": 100}}, {"model": "restapi.employee_projects", "pk": 50, "fields": {"employee": 18, "project": 9, "employee_participation_start_date": "2023-06-01", "employee_participation_end_date": "2023-12-31", "allocation_busy": 100}}, {"model": "restapi.employee_projects", "pk": 51, "fields": {"employee": 18, "project": 10, "employee_participation_start_date": "2012-07-15", "employee_participation_end_date": "2022-11-30", "allocation_busy": 100}}, {"model": "restapi.employee_projects", "pk": 52, "fields": {"employee": 19, "project": 11, "employee_participation_start_date": "2023-08-01", "employee_participation_end_date": "2023-12-15", "allocation_busy": 80}}, {"model": "restapi.employee_projects", "pk": 53, "fields": {"employee": 19, "project": 12, "employee_participation_start_date": "2023-01-01", "employee_participation_end_date": "2023-12-31", "allocation_busy": 20}}, {"model": "restapi.employee_projects", "pk": 54, "fields": {"employee": 20, "project": 13, "employee_participation_start_date": "2023-03-31", "employee_participation_end_date": "2024-12-31", "allocation_busy": 60}}, {"model": "restapi.employee_projects", "pk": 55, "fields": {"employee": 20, "project": 14, "employee_participation_start_date": "2023-08-01", "employee_participation_end_date": "2024-12-31", "allocation_busy": 40}}, {"model": "restapi.employee_projects", "pk": 56, "fields": {"employee": 21, "project": 15, "employee_participation_start_date": "2018-01-01", "employee_participation_end_date": "2018-12-31", "allocation_busy": 100}}, {"model": "restapi.employee_projects", "pk": 57, "fields": {"employee": 21, "project": 16, "employee_participation_start_date": "2023-03-31", "employee_participation_end_date": "2024-12-31", "allocation_busy": 100}}, {"model": "restapi.employee_projects", "pk": 58, "fields": {"employee": 22, "project": 17, "employee_participation_start_date": "2023-01-01", "employee_participation_end_date": "2023-12-31", "allocation_busy": 90}}, {"model": "restapi.employee_projects", "pk": 59, "fields": {"employee": 22, "project": 18, "employee_participation_start_date": "2023-01-01", "employee_participation_end_date": "2023-12-31", "allocation_busy": 10}}, {"model": "restapi.employee_projects", "pk": 60, "fields": {"employee": 23, "project": 19, "employee_participation_start_date": "2023-03-31", "employee_participation_end_date": "2024-12-31", "allocation_busy": 30}}, {"model": "restapi.employee_projects", "pk": 61, "fields": {"employee": 23, "project": 20, "employee_participation_start_date": "2023-08-01", "employee_participation_end_date": "2024-12-31", "allocation_busy": 70}}, {"model": "restapi.employee_projects", "pk": 62, "fields": {"employee": 24, "project": 21, "employee_participation_start_date": "2023-01-01", "employee_participation_end_date": "2023-12-31", "allocation_busy": 100}}, {"model": "restapi.employee_projects", "pk": 63, "fields": {"employee": 24, "project": 22, "employee_participation_start_date": "2024-01-01", "employee_participation_end_date": "2024-12-31", "allocation_busy": 100}}, {"model": "restapi.employee_projects", "pk": 64, "fields": {"employee": 25, "project": 23, "employee_participation_start_date": "2023-08-01", "employee_participation_end_date": "2025-12-31", "allocation_busy": 60}}, {"model": "restapi.employee_projects", "pk": 65, "fields": {"employee": 25, "project": 24, "employee_participation_start_date": "2024-01-01", "employee_participation_end_date": "2024-12-31", "allocation_busy": 40}}, {"model": "restapi.employee_projects", "pk": 66, "fields": {"employee": 26, "project": 25, "employee_participation_start_date": "2023-03-31", "employee_participation_end_date": "2023-12-31", "allocation_busy": 20}}, {"model": "restapi.employee_projects", "pk": 67, "fields": {"employee": 26, "project": 26, "employee_participation_start_date": "2021-08-01", "employee_participation_end_date": "2025-12-31", "allocation_busy": 80}}, {"model": "restapi.employee_projects", "pk": 68, "fields": {"employee": 27, "project": 27, "employee_participation_start_date": "2023-01-01", "employee_participation_end_date": "2023-12-31", "allocation_busy": 60}}, {"model": "restapi.employee_projects", "pk": 69, "fields": {"employee": 27, "project": 28, "employee_participation_start_date": "2024-03-31", "employee_participation_end_date": "2024-12-31", "allocation_busy": 60}}, {"model": "restapi.employee_projects", "pk": 70, "fields": {"employee": 28, "project": 29, "employee_participation_start_date": "2023-01-01", "employee_participation_end_date": "2030-12-31", "allocation_busy": 60}}, {"model": "restapi.employee_projects", "pk": 71, "fields": {"employee": 28, "project": 30, "employee_participation_start_date": "2023-01-01", "employee_participation_end_date": "2025-07-31", "allocation_busy": 10}}, {"model": "restapi.token", "pk": 5, "fields": {"token": "token", "ttl": 3600, "user": 1, "created_at": "2222-07-15T00:00:00Z", "token_name": null, "is_integration_token": false}}]